Sector_ID,Case_count_2007,Case_count_2008,Case_count_2009,Case_count_2010,Case_count_2011,Case_count_2012,Case_count_2013,Case_count_2014,Case_count_2015,Case_count_2016,Case_count_2017,Case_count_2018,Case_count_2019,Case_count_2020
CO433,0,0,0,0,0,0,0,0,0,0,0,0,0,0
CO1,0,1,0,0,0,0,0,0,0,0,0,0,0,0
CO2,0,0,0,2,0,0,1,0,0,0,0,0,0,10
CO3,0,0,0,0,0,0,0,0,2,0,0,0,0,0
CO4,0,0,0,2,0,0,0,0,0,0,0,0,0,0
CO5,0,0,8,0,0,1,1,2,0,3,0,0,37,0
CO6,0,0,0,0,4,0,4,5,1,6,0,0,4,12
CO7,0,0,0,0,0,0,0,0,0,0,0,0,6,4
CO8,0,2,0,0,0,0,8,0,8,0,0,0,0,0
CO9,0,0,0,0,0,0,0,0,0,0,0,0,3,0
CO10,2,0,0,0,0,0,51,1,26,13,0,0,89,10
CO11,0,0,0,0,0,0,8,2,6,0,0,0,4,58
CO12,0,0,0,0,0,0,0,0,0,0,0,0,2,2
CO13,0,0,0,0,0,0,0,3,0,0,0,20,5,70
CO14,4,0,0,0,0,0,14,3,9,6,0,22,8,12
CO15,0,0,0,0,0,0,3,5,5,0,1,0,8,0
CO16,2,0,34,4,0,4,22,2,41,7,0,0,4,19
CO17,0,0,0,1,0,0,0,0,1,0,0,2,4,0
CO18,0,0,0,0,0,0,0,0,0,0,0,6,2,2
CO19,0,0,3,4,0,0,2,16,6,4,0,0,6,0
CO20,0,0,0,2,2,0,3,0,0,0,0,2,4,9
CO21,0,0,0,2,0,0,0,6,7,0,0,0,0,3
CO22,2,1,0,0,2,0,14,11,2,2,0,0,3,6
CO23,0,0,2,0,0,0,5,2,3,3,0,0,3,0
CO24,0,0,0,0,0,0,1,6,0,0,0,0,0,2
CO25,0,0,0,0,0,0,5,2,2,5,0,0,4,2
CO26,0,0,0,0,0,0,0,0,0,0,0,0,0,0
CO27,2,0,0,0,0,0,4,0,0,0,0,0,0,0
CO28,6,2,20,4,18,17,105,48,21,66,9,3,67,113
CO29,0,0,0,0,0,0,4,19,0,6,0,0,2,20
CO30,0,0,0,0,0,0,2,8,0,15,0,0,0,6
CO31,0,1,0,9,0,1,3,14,2,4,0,8,30,15
CO33,0,5,0,0,6,4,15,0,7,7,0,1,5,31
CO34,0,1,2,0,0,4,5,5,3,9,0,2,4,23
CO35,6,0,3,1,4,0,1,0,1,10,0,0,16,8
CO36,0,2,0,0,0,0,0,0,0,3,1,0,0,0
CO37,0,0,0,0,0,0,0,0,0,10,0,0,3,0
CO38,0,0,0,0,0,0,0,0,2,0,0,0,2,8
CO39,0,0,0,0,0,0,0,0,2,7,0,0,12,7
CO40,0,0,0,0,0,0,0,0,3,2,0,0,0,12
CO41,0,2,0,0,0,0,1,1,3,0,0,0,17,56
CO42,2,0,0,0,0,0,9,7,3,4,0,6,0,34
CO43,0,0,0,0,0,0,4,0,12,0,0,0,8,52
CO44,0,0,0,0,0,0,0,0,0,2,0,0,2,6
CO45,0,0,1,2,0,0,3,0,1,0,0,0,0,12
CO46,0,0,0,6,0,1,5,10,2,15,8,0,5,33
CO47,2,0,0,0,0,0,1,0,0,2,0,3,0,4
CO48,0,0,0,0,0,3,18,1,2,5,0,0,0,3
CO49,0,0,0,0,0,0,0,0,0,0,0,0,1,0
CO50,0,0,0,0,0,0,0,0,4,17,0,0,5,2
CO51,0,0,0,0,0,1,4,0,0,2,0,4,8,8
CO52,1,0,0,0,0,1,9,1,4,1,0,0,5,6
CO53,0,0,0,0,0,0,15,2,0,2,0,0,1,38
CO54,0,0,2,0,0,3,2,1,0,0,0,0,3,9
CO55,0,0,0,0,0,0,1,0,0,0,0,0,0,2
CO56,0,0,0,2,0,0,4,0,1,6,0,0,3,16
CO57,2,2,0,0,8,0,1,5,4,2,0,0,7,8
CO58,0,0,0,0,0,0,7,18,7,9,5,1,2,2
CO59,0,0,0,0,0,0,1,6,0,0,0,0,0,0
CO60,0,0,0,0,0,0,0,3,0,0,0,4,0,0
CO61,0,0,0,0,0,0,5,0,2,0,1,0,0,0
CO62,8,0,0,0,0,0,2,1,0,0,0,0,0,4
CO63,0,0,6,1,0,2,1,1,2,2,5,3,14,16
CO64,0,0,0,0,0,2,0,0,2,0,0,0,0,6
CO65,0,0,0,0,0,0,0,0,0,0,2,0,0,0
CO66,2,2,0,0,2,0,1,3,2,2,0,0,14,0
CO67,0,0,0,0,0,0,3,0,12,0,0,0,11,4
CO68,0,0,0,0,0,0,7,0,2,1,0,0,5,0
CO69,0,2,0,0,0,0,5,1,9,0,0,0,202,3
CO70,0,0,0,0,0,0,0,0,5,0,0,0,0,23
CO71,0,0,0,0,0,0,0,1,4,0,0,0,3,0
CO72,0,0,0,0,0,0,1,1,9,0,0,0,3,0
CO73,2,0,0,0,0,0,0,4,0,7,3,0,3,20
CO74,0,0,0,0,0,0,11,5,4,17,0,0,18,13
CO75,0,0,2,0,0,0,13,0,0,0,0,2,6,4
CO76,0,4,0,0,0,1,1,2,0,0,0,0,20,6
CO77,2,2,0,6,4,0,15,11,1,6,0,0,22,6
CO78,2,0,0,0,4,0,6,10,3,18,0,6,26,14
CO79,0,4,0,0,2,4,6,8,4,2,0,0,2,14
CO80,0,0,0,0,0,0,0,1,0,0,0,0,0,0
CO81,0,0,0,0,0,0,0,0,0,0,0,0,0,2
CO82,0,0,0,0,0,0,1,0,0,0,0,0,3,2
CO83,2,0,0,0,0,0,0,1,0,32,0,0,16,10
CO84,0,0,0,0,0,0,5,2,4,0,0,0,18,15
CO85,0,1,0,0,4,0,9,5,9,0,0,0,24,12
CO86,0,0,0,0,2,0,2,8,2,0,0,0,2,12
CO87,0,0,0,2,0,2,0,2,0,0,0,0,12,2
CO88,0,0,0,0,0,0,2,0,0,0,0,0,8,2
CO89,0,0,0,0,0,0,1,4,2,0,4,0,2,7
CO90,0,0,0,2,0,0,10,3,6,0,2,0,4,28
CO91,1,0,0,0,0,0,1,2,0,0,0,0,0,0
CO92,0,0,2,2,0,0,1,3,0,0,0,3,4,3
CO93,3,0,0,0,0,0,2,1,0,0,0,0,0,0
CO94,0,0,0,0,0,0,0,0,0,0,0,0,4,0
CO95,0,0,0,3,0,0,6,1,0,0,0,0,0,0
CO96,0,0,2,2,0,0,3,6,0,2,0,0,4,8
CO97,0,0,0,0,0,0,3,0,3,2,0,0,0,0
CO98,0,0,0,0,0,0,0,0,0,0,0,2,5,0
CO99,3,0,0,2,0,0,3,1,0,2,0,0,0,0
CO100,0,0,0,3,0,0,1,9,3,0,0,0,0,0
CO101,0,0,2,0,0,0,4,1,2,0,0,0,0,2
CO102,0,0,0,0,0,0,2,1,2,3,0,2,0,46
CO103,0,0,0,0,0,0,0,4,1,0,0,0,3,2
CO104,5,0,0,0,0,0,12,24,3,0,0,12,6,79
CO105,0,0,0,0,0,0,0,4,0,0,0,6,0,3
CO106,0,0,0,0,0,0,0,1,0,0,0,4,0,12
CO107,0,0,0,0,0,0,5,3,0,0,0,0,17,7
CO108,0,0,0,0,0,0,0,0,0,0,0,2,12,12
CO109,0,0,0,0,0,0,7,13,0,2,0,8,5,48
CO110,0,0,2,0,0,0,1,1,0,2,0,2,5,34
CO111,0,0,0,0,0,0,2,1,0,2,0,0,0,3
CO112,0,0,0,0,0,0,3,2,3,0,0,0,0,0
CO113,0,0,0,0,0,0,0,3,0,0,0,0,0,0
CO114,0,0,2,0,0,0,0,0,0,3,0,0,0,4
CO115,0,0,0,0,0,0,0,0,0,0,0,0,0,0
CO116,0,0,2,0,0,0,0,0,0,0,0,0,0,0
CO117,0,1,0,0,0,0,0,0,2,2,0,2,2,0
CO118,0,0,0,0,0,0,0,0,0,0,0,0,0,0
CO119,0,0,2,2,0,0,1,1,2,2,0,0,0,4
CO120,0,0,0,2,0,0,2,0,0,0,0,0,0,0
CO121,0,2,0,0,0,0,6,7,1,10,0,2,6,6
CO122,0,0,0,0,2,0,16,1,0,4,0,0,10,6
CO123,0,1,0,0,6,0,15,3,4,8,0,0,0,19
CO124,1,5,0,0,0,0,4,7,6,15,4,4,10,36
CO125,2,0,0,0,0,2,3,11,4,16,0,0,6,22
CO127,0,0,0,3,0,0,0,2,3,0,0,5,2,0
CO128,1,1,0,0,0,0,3,10,3,0,0,4,3,7
CO130,8,7,10,34,25,8,111,49,53,94,4,9,123,221
CO132,0,0,2,0,0,1,10,8,12,2,0,0,6,52
CO133,0,0,0,0,0,2,0,0,6,0,0,0,4,3
CO134,2,2,12,2,4,1,7,6,8,17,0,0,5,9
CO135,0,0,0,0,0,0,0,0,0,0,0,0,0,2
CO137,2,2,6,0,0,3,2,15,3,2,1,0,4,30
CO138,0,0,0,0,0,1,4,2,0,0,0,0,6,31
CO139,2,0,0,0,0,0,0,0,3,0,0,0,2,2
CO140,0,0,0,0,2,0,2,2,12,5,0,0,2,47
CO141,0,3,0,0,0,0,4,1,0,0,1,0,6,23
CO142,2,0,0,5,0,0,2,3,0,8,0,0,3,34
CO143,0,0,0,0,4,0,1,0,0,4,0,1,2,22
CO144,2,0,0,0,0,0,0,0,0,0,0,0,10,4
CO145,0,0,0,0,0,2,1,0,0,0,0,0,0,0
CO146,0,0,0,2,0,0,0,0,0,0,2,0,0,29
CO147,0,0,0,0,0,0,0,3,0,0,0,0,12,0
CO148,0,1,0,2,0,1,1,1,2,0,0,0,4,4
CO149,0,0,0,0,0,0,1,0,3,6,0,0,22,8
CO150,0,0,0,0,0,0,0,1,0,10,0,3,0,2
CO151,0,0,0,0,0,0,4,0,3,2,0,3,27,4
CO152,0,0,0,0,2,0,10,5,3,0,0,0,26,49
CO153,0,0,0,2,2,0,1,5,0,2,0,0,6,20
CO154,0,1,0,0,0,0,2,2,3,9,0,2,10,26
CO155,0,0,0,0,0,0,2,0,0,8,0,0,6,14
CO157,0,1,0,0,3,0,0,4,6,0,0,6,2,10
CO158,0,0,3,0,1,0,9,5,2,8,0,0,4,18
CO159,0,0,0,0,0,0,0,3,0,4,0,8,0,12
CO160,0,0,16,0,0,0,0,7,0,0,0,10,0,14
CO161,0,0,0,0,3,0,0,8,0,0,0,3,4,15
CO162,0,0,0,0,0,0,0,1,0,0,0,0,0,0
CO163,0,0,0,0,0,0,0,0,0,0,0,0,0,8
CO164,0,0,0,0,0,0,0,0,0,0,0,0,20,16
CO165,0,0,0,0,0,0,0,0,0,0,0,0,4,14
CO166,0,0,0,0,0,0,0,0,0,3,0,0,4,0
CO167,0,0,0,0,0,0,0,2,0,0,0,0,0,10
CO168,0,0,0,0,0,2,0,0,5,15,0,0,80,6
CO169,0,0,0,0,0,0,2,1,0,0,0,0,0,4
CO170,0,0,0,0,0,0,0,0,0,2,0,0,0,0
CO171,0,0,0,0,0,0,0,0,0,0,0,0,8,0
CO172,0,0,0,0,0,0,1,0,2,0,0,0,0,2
CO173,0,0,0,0,0,0,4,3,0,0,0,2,2,0
CO174,0,0,0,0,0,0,0,0,2,0,0,0,0,0
CO175,0,0,0,0,0,0,0,0,0,0,0,0,0,0
CO176,0,0,0,0,0,0,0,2,1,0,0,0,4,7
CO178,0,0,0,0,0,0,0,1,2,2,0,0,2,4
CO179,0,0,0,0,0,0,0,2,10,6,0,6,22,15
CO180,0,0,0,0,0,0,0,0,0,1,0,1,2,0
CO181,0,0,0,0,0,6,3,1,0,0,0,0,25,8
CO182,0,0,0,0,2,0,0,0,6,6,0,0,54,0
CO183,0,0,0,0,0,0,1,1,0,2,0,0,13,0
CO184,0,0,0,0,0,0,0,2,2,2,0,0,5,12
CO185,0,0,0,0,0,0,2,2,0,0,0,0,38,8
CO186,0,0,0,0,0,0,6,4,1,18,0,0,27,12
CO187,0,0,36,0,3,1,17,2,7,0,0,0,38,9
CO188,0,2,0,0,0,0,0,0,0,0,0,0,3,3
CO189,0,0,0,0,0,0,0,1,1,7,0,2,4,4
CO190,0,0,0,0,0,0,1,0,0,0,0,0,0,8
CO191,0,0,0,0,0,0,1,0,0,0,0,0,0,0
CO192,0,0,0,0,0,0,3,0,0,0,0,0,3,0
CO193,0,0,0,0,0,0,1,0,8,28,0,0,0,18
CO194,0,0,0,0,0,0,1,3,4,9,0,0,4,9
CO195,0,0,0,0,0,0,0,3,2,11,0,0,2,7
CO196,0,0,0,0,0,0,3,0,4,10,4,60,10,0
CO197,0,0,0,0,0,4,1,1,14,5,0,0,14,14
CO198,0,0,0,0,0,0,0,2,2,0,0,0,4,8
CO199,0,0,0,0,0,0,2,2,10,1,0,0,0,30
CO200,0,0,0,0,0,2,1,1,8,7,0,24,27,0
CO201,0,0,0,2,0,0,3,1,0,6,4,0,0,6
CO202,0,0,0,0,0,0,0,0,0,4,1,0,6,8
CO203,2,0,0,0,0,8,43,4,8,35,0,4,21,37
CO204,0,36,0,2,0,0,8,2,0,0,2,0,0,4
CO205,0,0,0,0,0,0,0,2,5,0,0,0,20,18
CO206,0,0,0,0,0,0,0,3,9,0,0,0,9,0
CO207,0,0,0,0,0,0,5,0,6,0,8,0,26,0
CO208,0,2,0,0,0,0,81,9,23,4,1,0,78,9
CO209,0,2,0,0,0,0,1,8,1,2,0,0,4,3
CO210,2,0,0,14,0,1,19,1,2,3,0,2,24,32
CO211,0,0,0,0,0,10,11,3,4,2,3,4,0,0
CO212,0,0,0,0,0,0,0,0,15,8,0,0,0,49
CO213,0,0,0,0,0,0,2,2,16,1,0,0,0,3
CO214,0,0,0,0,0,0,2,3,6,3,0,2,14,0
CO215,0,2,0,0,0,0,0,2,4,2,0,0,0,0
CO216,2,0,0,3,0,0,9,0,1,0,0,0,14,92
CO217,0,0,0,0,0,0,3,12,0,3,0,2,57,15
CO218,4,4,0,0,4,0,6,3,6,2,0,0,2,16
CO219,0,0,0,0,0,0,0,0,0,0,0,0,10,0
CO220,0,0,0,0,0,2,8,4,0,0,0,0,8,0
CO221,0,0,0,0,0,0,0,0,0,6,0,0,5,4
CO222,0,0,0,0,0,0,0,0,0,0,0,0,0,0
CO223,0,0,0,0,0,0,0,1,0,0,0,0,0,10
CO224,0,0,0,0,0,0,21,0,0,9,0,0,13,9
CO225,0,2,8,0,0,0,11,3,7,30,0,0,68,16
CO226,0,0,11,3,4,2,17,0,0,42,0,8,34,15
CO227,0,0,0,0,0,0,8,6,0,0,0,0,0,0
CO228,0,0,0,0,0,0,3,5,2,0,0,0,2,0
CO229,0,0,0,0,0,0,6,0,2,2,0,0,9,9
CO230,0,0,0,0,0,0,0,5,0,0,0,0,0,31
CO231,0,0,0,0,0,2,1,4,0,23,0,0,7,16
CO232,0,0,0,0,0,0,0,0,4,41,0,0,2,24
CO233,0,2,0,0,0,0,2,6,2,28,0,0,63,15
CO234,0,0,0,0,0,0,0,0,0,0,0,0,0,4
CO235,0,0,0,2,0,0,4,16,0,2,0,0,100,12
CO236,4,0,0,2,0,0,18,0,2,0,0,0,48,12
CO237,0,0,0,0,0,8,13,3,3,28,0,0,60,0
CO238,0,0,0,0,0,0,0,0,0,1,0,0,3,5
CO239,0,0,0,0,5,4,1,9,2,45,0,2,41,3
CO240,0,1,2,2,6,10,4,3,0,12,1,0,59,8
CO241,0,0,0,2,0,2,0,0,0,4,0,0,0,3
CO242,0,0,0,2,0,4,36,3,6,9,0,0,6,20
CO243,0,0,0,0,2,2,12,3,5,8,0,6,37,14
CO244,0,0,0,0,0,0,5,5,7,0,0,0,8,4
CO245,0,2,0,4,0,3,3,0,14,19,0,0,19,26
CO246,0,1,0,0,0,0,28,0,2,6,0,0,10,26
CO247,0,6,0,0,0,0,5,6,10,33,0,2,79,25
CO248,0,0,0,0,0,0,0,0,0,12,0,2,4,10
CO249,0,0,0,0,0,0,0,0,5,3,0,0,4,8
CO250,0,0,0,0,0,0,3,0,0,10,2,6,3,0
CO251,0,0,0,0,0,0,0,4,0,0,0,2,0,0
CO252,0,0,0,0,0,2,7,0,0,2,0,0,3,3
CO253,0,0,0,0,0,0,3,2,14,5,0,0,22,6
CO254,0,0,0,0,0,2,1,1,2,0,0,2,27,22
CO255,0,0,0,0,0,0,0,0,0,3,0,0,10,8
CO256,0,0,0,0,0,0,0,0,0,4,0,0,0,8
CO257,0,0,0,0,0,0,0,0,0,19,0,2,0,7
CO258,0,1,0,2,0,0,2,1,0,5,0,0,7,4
CO259,0,1,0,0,0,0,0,0,0,0,1,3,3,4
CO260,0,0,0,0,0,0,0,1,1,3,0,0,0,4
CO261,0,0,0,0,0,0,0,0,8,5,0,0,1,8
CO262,0,0,0,0,0,0,8,0,2,3,0,0,0,4
CO263,0,0,0,0,0,0,5,0,0,5,0,0,0,12
CO264,0,0,0,0,0,0,8,0,5,51,0,0,27,5
CO265,0,0,0,2,0,0,3,0,6,9,0,0,3,4
CO266,0,0,0,0,2,0,0,0,11,6,0,0,14,15
CO267,0,4,0,0,0,0,2,0,0,3,0,0,35,9
CO268,0,0,0,0,0,0,0,4,2,8,0,0,3,4
CO269,0,0,0,0,0,0,1,0,0,0,0,0,0,0
CO270,0,0,12,0,0,0,9,0,3,0,0,4,16,4
CO271,0,0,0,0,0,0,4,0,2,2,4,0,0,0
CO272,0,0,0,0,0,0,7,3,18,4,0,0,17,4
CO273,0,0,0,0,2,0,4,1,5,3,0,0,12,0
CO274,0,2,0,0,0,0,0,3,1,3,0,2,4,2
CO276,0,0,0,0,0,0,0,0,0,0,0,0,8,0
CO277,10,0,10,4,0,0,30,2,8,11,0,12,0,14
CO278,0,0,0,2,0,0,0,0,0,39,0,2,64,7
CO279,0,0,0,0,0,0,0,1,0,0,0,0,3,0
CO280,0,0,0,0,0,0,0,1,0,0,0,0,2,0
CO283,0,0,0,0,0,0,1,0,0,1,0,0,0,31
CO284,0,1,0,0,0,1,1,6,0,0,0,0,4,5
CO286,0,0,0,0,0,0,23,3,3,2,0,4,4,24
CO287,0,0,0,0,0,0,0,0,0,0,0,0,0,0
CO288,0,0,4,0,2,12,4,2,4,3,0,0,0,6
CO289,0,0,0,0,12,4,4,4,10,0,0,0,2,27
CO290,0,0,0,0,0,2,1,2,0,0,0,0,8,40
CO291,2,0,0,0,0,0,29,6,2,35,0,0,24,36
CO292,0,5,1,0,0,6,1,1,0,5,0,2,6,66
CO293,0,4,4,0,2,1,6,8,8,0,0,0,6,24
CO294,2,0,4,3,0,0,2,16,0,5,4,0,4,47
CO295,0,0,0,0,0,0,0,0,0,0,0,0,0,0
CO296,0,0,0,0,4,0,7,5,0,0,1,1,6,20
CO297,0,0,2,0,8,0,2,10,0,0,2,0,0,2
CO298,0,0,10,0,0,2,37,0,7,30,0,0,0,19
CO299,0,4,0,2,0,0,46,5,4,4,0,0,4,44
CO300,0,0,0,0,0,11,1,0,0,5,0,0,11,24
CO301,0,2,0,0,24,2,15,1,4,2,0,0,6,6
CO302,4,0,0,0,26,8,7,34,3,10,0,0,32,8
CO303,0,0,0,0,0,0,1,0,0,1,0,0,1,2
CO305,0,0,0,0,0,1,6,0,0,0,0,2,3,2
CO306,4,4,0,0,0,0,1,0,0,5,0,16,15,42
CO307,0,0,0,0,0,0,2,2,4,10,0,3,26,26
CO308,0,0,0,0,0,0,3,4,6,0,0,0,4,3
CO309,0,0,0,0,0,2,23,0,0,4,0,0,4,39
CO310,0,2,0,0,0,0,17,0,3,0,0,0,6,7
CO311,0,4,0,0,0,2,2,0,0,2,0,0,6,15
CO312,4,0,0,1,2,0,1,2,0,3,0,0,0,0
CO313,0,0,0,1,2,0,1,0,0,0,0,0,23,16
CO314,0,0,0,0,0,0,0,0,0,1,0,0,103,8
CO315,0,0,0,0,0,2,0,0,2,1,0,0,26,51
CO316,0,0,16,0,0,2,1,2,1,0,0,0,48,28
CO317,0,0,0,0,0,0,0,1,0,23,0,0,0,64
CO318,0,0,0,0,0,34,0,0,0,2,0,2,7,49
CO319,0,1,0,0,0,0,5,1,2,0,2,5,26,11
CO320,0,9,0,0,0,0,0,0,3,0,0,36,37,9
CO321,0,0,0,0,0,2,6,0,0,2,0,0,2,12
CO322,1,0,0,0,3,0,0,2,0,0,0,0,135,18
CO323,0,1,0,0,0,0,12,4,0,1,0,0,8,0
CO324,0,0,0,4,2,0,16,13,1,12,0,0,3,4
CO325,0,0,8,0,6,4,11,12,0,2,0,0,3,29
CO326,0,6,0,0,18,2,10,10,5,0,0,0,6,8
CO327,0,0,64,0,4,0,1,12,0,2,0,0,0,17
CO328,0,0,8,0,26,0,0,22,2,1,0,0,0,13
CO329,0,0,0,0,0,0,0,2,0,0,0,2,7,57
CO331,0,0,0,0,0,0,0,0,0,0,0,0,0,14
CO332,0,0,0,2,0,0,0,1,0,0,0,0,6,53
CO333,0,0,0,0,0,0,0,0,0,0,0,0,24,26
CO334,0,0,4,0,0,0,0,4,5,17,0,0,77,10
CO335,0,0,0,0,0,0,1,0,0,4,0,0,17,5
CO336,0,0,0,0,0,2,1,2,0,0,0,0,6,6
CO337,0,0,0,0,0,0,2,2,0,7,0,0,30,12
CO338,0,0,0,2,6,0,3,0,0,13,0,0,35,7
CO339,0,6,0,2,0,0,3,0,0,6,0,1,79,30
CO340,4,2,0,0,0,14,12,15,6,16,0,0,53,17
CO341,14,0,0,0,4,0,41,9,0,10,0,4,6,27
CO342,0,2,0,0,0,0,0,2,0,2,0,0,6,19
CO343,0,2,16,4,4,23,8,13,0,4,0,0,16,51
CO344,4,1,34,18,7,36,11,36,2,0,0,3,10,58
CO345,0,0,4,2,0,2,6,5,1,2,0,0,0,38
CO346,2,2,16,0,0,20,28,25,1,2,0,0,39,42
CO347,0,0,37,6,0,32,8,17,0,3,0,0,27,91
CO348,4,0,16,0,0,12,3,8,9,6,0,0,14,10
CO349,2,2,0,0,4,8,7,21,0,4,0,0,44,23
CO350,2,0,0,0,0,2,0,0,0,0,0,0,5,11
CO351,0,5,12,2,7,14,6,25,24,19,0,0,0,30
CO352,0,0,20,0,10,2,12,15,14,8,1,0,2,37
CO353,4,16,26,0,2,3,4,22,4,36,0,0,4,40
CO354,0,0,0,0,0,0,1,0,0,1,0,0,44,0
CO355,0,0,0,0,0,2,4,6,0,9,0,0,0,33
CO356,0,0,14,0,2,0,3,13,6,18,20,0,9,87
CO357,0,0,0,0,0,0,11,5,5,10,2,0,54,38
CO358,0,2,0,0,0,2,4,19,6,0,0,0,27,22
CO359,0,2,0,0,0,0,0,1,0,2,0,0,27,4
CO360,0,0,0,0,0,2,0,0,0,2,0,0,2,14
CO361,0,0,0,0,0,0,0,0,0,1,0,0,22,3
CO363,0,0,2,2,0,6,9,0,8,12,0,2,12,18
CO364,0,0,0,0,0,3,5,0,13,30,2,3,14,3
CO365,2,0,0,0,4,0,13,3,1,5,0,2,10,24
CO366,0,2,0,1,0,0,2,37,1,3,1,0,0,27
CO367,0,0,0,0,0,0,18,0,0,0,0,2,8,3
CO368,0,2,0,0,0,0,4,22,6,9,2,0,0,15
CO369,0,0,0,0,0,0,0,0,0,8,0,0,18,52
CO370,0,0,8,0,2,0,2,2,0,2,0,0,0,28
CO371,0,0,0,6,0,0,99,1,0,0,0,0,2,34
CO372,0,0,6,2,0,0,43,0,0,2,0,0,0,16
CO373,0,0,0,0,0,0,0,0,0,0,0,0,0,0
CO374,0,2,0,2,0,0,0,0,0,0,0,0,0,2
CO375,0,0,0,0,0,0,0,2,5,0,0,0,0,3
CO376,0,0,0,0,0,3,0,0,0,0,0,0,0,3
CO377,4,0,0,0,0,1,0,0,0,3,0,0,0,6
CO378,0,0,0,1,0,0,0,0,2,2,0,0,0,2
CO379,4,0,0,0,0,0,1,1,0,2,0,0,0,5
CO380,0,4,0,0,0,0,1,0,39,5,0,0,0,18
CO382,0,0,0,0,0,0,0,0,0,0,0,0,0,4
CO384,0,0,0,0,0,0,3,0,0,2,0,0,0,0
CO385,0,0,0,0,0,2,0,0,0,2,0,0,3,4
CO386,0,0,2,0,0,0,7,13,1,0,0,2,1,0
CO387,0,0,0,0,0,0,0,7,3,0,5,0,1,0
CO388,0,0,21,2,0,0,1,0,14,0,4,0,2,23
CO389,0,0,0,0,0,0,0,0,0,0,0,0,4,6
CO390,0,0,2,0,0,0,3,0,0,2,0,0,3,4
CO391,0,0,0,0,0,0,0,5,0,2,0,0,0,0
CO392,0,2,21,0,0,0,1,3,4,1,0,0,3,0
CO393,4,0,6,2,0,0,0,0,0,33,0,0,26,4
CO394,8,0,23,4,0,4,2,0,4,0,0,0,4,6
CO395,4,11,0,0,2,0,0,3,0,0,0,0,0,15
CO396,0,2,0,0,0,0,0,1,0,6,0,0,0,101
CO397,0,0,0,0,0,0,0,4,0,0,0,0,3,0
CO398,0,0,0,0,0,0,2,0,2,4,0,3,0,0
CO399,0,0,0,0,0,4,1,0,0,3,0,0,0,0
CO400,0,0,0,0,0,4,7,6,1,8,0,0,5,121
CO401,0,0,0,0,0,0,0,0,0,0,0,0,5,0
CO402,0,0,0,0,0,0,3,0,0,0,0,0,0,0
CO403,0,0,0,0,0,0,16,0,0,6,0,0,0,56
CO404,2,2,0,0,0,0,49,1,5,6,0,0,5,117
CO405,0,0,0,0,0,0,0,0,0,0,0,0,2,4
CO406,4,0,0,0,0,0,0,0,6,6,0,2,0,8
CO407,2,1,0,0,0,2,12,0,2,81,0,0,2,6
CO408,0,0,0,0,2,0,1,0,3,0,0,18,43,0
CO409,0,0,0,0,0,0,25,23,8,8,0,0,0,0
CO410,2,12,8,0,4,2,2,1,1,17,0,0,17,137
CO411,0,0,0,2,0,0,0,0,0,0,0,1,22,0
CO412,0,0,0,0,0,0,0,0,2,6,0,0,0,16
CO414,0,1,0,0,2,0,1,4,5,2,0,0,0,7
CO415,0,0,0,0,0,0,0,0,0,41,0,0,3,3
CO416,0,0,3,0,0,0,0,0,0,4,0,0,20,6
CO417,0,3,0,0,0,0,21,15,4,4,0,0,0,2
CO419,0,5,1,0,0,0,3,9,7,0,2,2,4,20
CO421,0,0,0,0,0,0,0,0,0,0,0,0,4,0
CO422,0,0,0,4,0,0,7,0,0,40,0,0,0,0
CO423,4,0,0,0,0,0,0,0,0,2,0,0,0,1
CO425,0,0,0,0,0,0,0,1,0,2,0,0,9,3
CO427,0,0,0,0,0,0,0,0,0,0,0,0,0,0
CO430,0,1,0,0,0,0,8,12,8,4,0,0,0,16
FL1,0,0,0,0,0,0,5,0,1,2,3,0,2,2
FL2,0,0,4,0,0,0,40,2,7,5,2,6,44,7
FL3,0,0,0,8,0,0,0,0,0,0,0,3,190,4
FL4,0,0,0,0,2,3,7,2,0,0,0,0,0,11
FL6,2,0,0,0,4,0,21,16,25,88,1,0,2,7
FL7,0,2,0,0,0,0,6,2,1,1,1,2,6,7
FL8,0,0,0,4,0,0,1,4,0,0,1,0,0,13
FL9,0,0,3,0,0,0,1,2,2,5,0,0,6,6
FL10,0,0,0,9,0,2,8,4,16,4,4,0,35,12
FL11,2,0,6,0,0,4,12,1,6,2,0,0,2,12
FL12,0,0,0,0,0,4,2,1,2,0,0,0,3,26
FL13,14,2,0,0,2,3,8,4,0,15,4,2,2,40
FL14,2,0,0,2,0,2,11,3,8,6,12,0,7,10
FL15,5,2,0,0,0,2,17,6,4,131,4,5,8,15
FL16,2,0,26,8,0,2,11,7,12,56,4,0,10,22
FL17,4,2,2,3,0,1,4,15,11,11,3,0,41,54
FL18,6,8,0,0,0,1,6,6,11,2,3,0,4,32
FL19,2,4,0,0,0,0,17,73,6,24,0,0,4,15
FL20,2,0,0,1,0,2,18,18,7,9,0,2,2,24
FL21,0,0,0,0,1,1,17,11,6,7,0,0,46,23
FL22,0,0,0,0,1,0,7,15,8,10,1,3,63,36
FL23,2,0,2,6,0,5,10,13,2,16,0,3,43,12
FL24,2,0,0,0,0,0,2,3,11,8,0,0,4,10
FL25,4,0,2,0,0,0,3,4,4,45,0,0,14,18
FL26,0,2,8,0,4,0,7,6,5,9,0,2,21,8
FL27,2,21,0,0,3,0,13,3,24,2,1,1,13,6
FL28,2,2,2,2,0,0,15,1,7,6,4,1,12,10
FL29,2,2,0,0,0,1,16,4,0,9,5,0,10,77
FL30,0,2,2,0,0,0,7,0,4,2,5,0,18,6
FL31,0,0,0,2,1,1,1,0,5,0,0,3,2,2
FL33,0,0,0,2,0,0,1,0,3,0,0,2,8,3
FL34,0,1,10,0,0,0,3,6,12,1,0,0,39,0
FL35,0,0,0,0,0,0,21,2,6,10,0,2,6,0
FL36,0,0,12,0,0,0,2,1,21,2,0,0,45,5
FL37,1,2,0,0,0,0,7,4,18,1,0,0,0,6
FL38,0,0,0,2,0,0,9,7,0,49,2,0,2,48
FL39,2,2,0,3,0,0,11,3,0,96,0,2,19,10
FL40,0,0,0,0,0,0,2,2,8,5,0,0,5,13
FL41,0,3,2,0,0,2,6,3,2,3,0,2,2,39
FL42,2,0,10,2,0,1,0,0,0,2,0,0,57,19
FL43,0,2,2,1,1,5,12,11,10,8,0,0,45,12
FL44,2,1,0,0,0,1,7,3,4,9,2,0,16,4
FL45,0,0,0,0,0,2,8,1,4,60,1,0,73,8
FL46,0,3,0,12,2,0,20,4,33,2,0,0,4,10
FL47,0,0,2,14,0,0,7,0,21,49,0,0,21,0
FL48,0,0,0,11,0,0,8,0,8,1,0,0,4,5
FL49,0,0,0,2,2,0,4,0,8,6,0,0,56,0
FL50,0,2,0,0,0,0,1,0,2,0,2,0,80,5
FL51,0,0,0,0,0,0,3,3,4,4,0,0,12,5
FL52,0,0,0,0,0,2,3,0,4,12,0,0,14,4
FL53,3,0,0,0,0,0,1,4,2,2,0,0,5,33
FL54,2,20,0,1,0,0,5,1,2,8,0,2,0,20
FL55,0,2,4,5,1,0,7,7,5,4,0,2,57,16
FL56,0,0,0,2,0,4,6,2,0,1,0,0,6,4
FL57,2,3,0,0,4,4,22,2,5,62,0,3,18,50
FL58,2,0,2,0,0,0,10,4,7,1,0,2,2,33
FL59,4,0,0,0,2,2,9,4,0,5,0,2,61,5
FL60,2,2,2,4,0,8,24,1,12,25,4,4,8,36
FL61,0,4,0,0,0,0,4,1,0,3,0,2,13,7
FL62,2,4,4,4,6,4,15,18,21,16,4,8,60,50
FL63,0,0,0,0,0,1,6,5,2,0,2,2,0,73
FL64,2,0,0,2,0,0,3,2,0,2,0,0,40,46
FL65,4,0,12,0,2,0,5,9,1,0,0,0,9,22
FL66,0,0,0,0,1,0,11,7,2,2,2,2,16,6
FL67,2,0,2,2,2,0,7,3,5,8,3,1,2,28
FL68,0,0,8,2,3,0,11,6,1,4,2,0,6,31
FL69,0,0,0,0,0,0,0,3,4,0,0,1,2,0
FL70,2,0,8,2,0,1,14,4,7,0,3,0,2,2
FL71,0,5,0,0,0,5,13,6,15,2,1,0,10,23
FL72,12,3,3,1,0,0,11,1,19,5,0,1,8,20
FL73,1,2,0,0,0,0,2,0,9,2,0,3,0,12
FL74,0,0,0,0,0,0,0,0,3,0,0,9,0,1
FL75,0,0,0,4,0,0,3,1,0,2,0,0,2,18
FL76,0,0,3,2,0,0,17,3,0,1,0,3,80,20
FL77,0,0,2,0,0,0,17,8,2,17,0,1,2,2
FL78,7,0,0,0,0,0,4,25,2,5,0,0,0,2
FL79,0,0,0,0,0,0,4,1,0,6,0,0,1,8
FL80,0,0,0,0,0,0,7,1,1,5,0,0,4,8
FL81,0,0,0,0,2,1,4,9,3,18,0,1,14,31
FL82,0,0,0,0,0,0,1,0,0,2,0,0,9,14
FL83,4,3,0,0,0,0,1,0,1,5,3,0,0,54
FL84,0,3,0,3,1,2,14,10,20,62,0,0,5,44
FL85,0,0,0,0,0,4,13,11,12,63,4,0,7,13
FL86,0,0,2,0,0,1,7,9,5,7,3,0,2,10
FL87,2,0,12,0,0,3,9,7,8,11,0,0,2,38
FL88,1,0,4,0,4,0,12,1,5,3,0,4,37,7
FL89,2,0,2,0,0,0,5,1,2,54,4,3,0,4
FL90,0,0,2,0,0,2,13,2,11,58,0,0,4,5
FL91,2,0,0,0,0,2,5,1,6,0,2,5,5,8
FL92,0,0,2,0,2,0,36,10,13,65,0,0,7,13
FL93,0,0,2,0,0,0,1,3,2,59,0,0,4,9
FL94,0,0,0,0,0,0,4,0,4,3,0,0,5,4
FL95,0,0,0,0,0,0,2,7,5,7,0,4,0,19
FL96,0,0,0,0,0,0,4,9,10,4,0,0,12,5
FL97,0,0,0,0,0,0,4,4,3,8,2,0,2,38
FL98,0,0,0,0,2,0,4,6,19,57,2,0,9,8
FL99,0,0,0,0,0,0,1,3,0,0,0,3,12,4
FL100,0,0,0,0,0,0,0,2,9,0,0,0,0,0
FL101,0,0,0,0,0,0,3,1,3,3,2,0,4,0
FL102,0,0,0,0,0,0,0,0,0,0,0,0,4,0
FL103,2,0,0,1,2,0,0,0,2,0,6,2,2,8
FL104,2,0,0,0,0,0,0,0,0,0,0,0,0,0
FL105,0,2,0,2,0,0,3,0,1,4,0,0,1,59
FL106,0,0,0,0,0,1,5,1,0,0,0,0,0,8
FL108,0,0,0,1,0,1,1,3,2,2,0,0,4,6
FL109,0,0,0,0,0,0,3,0,0,0,0,0,4,10
FL110,0,0,8,0,0,0,7,3,2,2,1,0,9,8
FL111,0,0,0,0,0,0,12,0,0,0,0,0,20,4
FL112,0,0,0,0,0,0,3,0,3,0,0,0,2,4
FL113,0,0,0,0,0,0,6,1,3,0,0,0,0,36
FL114,0,0,0,0,0,2,0,4,5,0,0,0,3,0
FL115,0,0,0,0,0,0,1,3,2,2,0,0,0,0
FL116,0,1,0,0,0,7,1,2,0,0,0,0,0,0
FL117,0,0,2,0,0,2,8,4,0,2,1,0,2,6
FL118,2,2,0,0,1,0,40,4,6,2,4,3,13,13
FL119,0,0,0,0,3,0,10,8,13,12,0,0,0,9
FL120,0,0,1,0,6,0,5,1,16,15,0,0,0,87
FL121,6,0,0,0,0,0,15,2,3,5,8,0,4,123
FL122,0,0,0,0,0,0,6,2,2,70,0,6,7,2
FL123,0,0,0,2,2,0,2,3,3,0,0,0,13,5
FL124,0,0,0,0,4,0,11,0,8,3,6,0,7,0
FL125,0,0,0,0,0,0,8,5,7,5,0,0,36,22
FL126,0,0,0,2,0,3,27,16,5,17,0,0,5,4
FL127,2,0,0,0,0,0,0,9,2,3,2,0,9,4
FL128,0,2,2,0,0,2,5,2,1,13,0,0,12,7
FL129,0,0,0,0,2,4,9,8,8,87,1,3,27,12
FL130,0,1,0,0,9,1,11,14,12,17,2,0,6,33
FL131,0,0,0,2,0,0,17,3,1,75,3,0,2,2
FL132,0,0,0,2,4,0,1,0,0,9,0,2,21,3
FL133,0,0,0,0,0,0,4,2,0,2,0,10,71,5
FL134,0,0,0,0,0,0,5,2,5,4,0,57,31,6
FL135,2,2,0,0,0,0,0,4,4,2,0,2,6,9
FL136,0,0,0,2,2,0,0,11,1,0,0,0,2,14
FL137,0,0,0,0,0,0,0,0,0,0,0,0,18,0
FL138,0,0,0,0,0,0,0,0,0,0,0,0,9,2
FL139,0,0,0,0,0,0,2,3,3,1,0,2,2,4
FL140,2,0,0,2,0,0,19,11,2,3,0,0,2,15
FL141,2,0,0,2,0,2,3,5,22,4,0,0,0,1
FL142,0,0,0,3,0,0,4,11,19,0,1,0,0,17
FL143,0,0,0,0,0,0,3,0,4,2,0,0,0,6
FL144,0,0,0,4,3,0,8,2,0,3,2,0,13,3
FL145,0,0,0,0,0,0,0,0,0,0,0,0,35,7
FL146,0,0,1,0,0,2,6,4,1,0,0,2,8,0
FL147,0,0,0,0,2,0,1,3,0,0,0,0,11,2
FL148,2,0,0,0,0,0,0,1,2,4,2,14,0,5
FL149,0,0,0,0,0,0,2,0,0,0,0,4,4,3
FL150,0,0,0,0,1,0,2,0,1,3,0,0,1,0
FL151,0,0,0,0,0,0,6,3,0,5,0,0,2,2
FL152,0,0,0,0,0,0,4,0,1,3,2,0,0,19
FL153,0,0,0,0,0,0,1,1,0,0,0,0,0,0
FL154,0,0,0,0,0,0,3,0,0,0,0,0,0,2
FL155,0,0,0,10,0,0,1,1,3,0,0,0,4,2
FL156,0,0,0,14,0,2,1,2,2,0,0,3,0,7
FL157,3,0,0,70,0,3,10,5,8,4,3,0,2,16
FL158,0,0,0,0,0,0,0,0,0,0,0,0,2,3
FL159,0,0,0,0,0,0,0,0,0,2,0,0,0,0
FL160,0,0,0,0,0,0,2,1,1,2,0,0,8,9
FL161,0,0,0,0,0,2,2,5,1,2,0,0,2,40
FL162,0,0,0,0,0,4,3,5,3,7,0,0,0,4
FL163,0,0,0,0,0,0,0,1,0,0,0,2,0,3
FL164,2,0,0,2,0,3,13,6,2,3,0,0,2,31
FL165,0,4,12,2,0,0,32,9,0,12,3,2,2,14
FL166,0,0,0,0,0,0,4,1,0,5,0,0,27,4
FL167,0,2,0,2,0,0,4,1,4,0,0,0,2,2
FL168,0,1,0,0,6,0,2,1,3,5,0,0,2,0
FL169,0,4,8,0,0,0,28,3,5,157,0,0,10,10
FL170,0,0,0,0,0,0,88,7,2,10,0,0,9,4
FL171,0,0,0,0,0,0,0,0,2,3,1,0,10,3
FL172,0,0,0,0,0,0,46,6,5,51,2,0,0,16
FL173,0,0,8,0,0,0,3,7,9,6,2,0,8,6
FL174,0,1,0,0,1,0,1,5,4,6,1,0,2,21
FL175,0,0,0,0,0,2,10,1,0,0,0,2,0,4
FL176,0,0,0,0,0,0,3,0,0,0,3,0,44,3
FL177,0,0,0,0,0,0,2,0,2,0,0,0,6,3
FL178,0,0,0,0,0,0,1,4,0,64,0,0,0,5
FL179,0,0,0,0,0,3,1,0,1,5,3,3,0,3
FL180,0,0,0,0,0,0,4,0,0,0,2,2,0,10
FL181,0,0,0,0,0,0,5,0,0,7,2,0,0,4
FL182,0,0,16,0,0,0,6,4,6,41,0,0,5,8
FL183,0,2,4,0,2,0,15,11,12,75,4,1,10,39
FL184,0,0,2,0,0,0,2,6,2,4,0,3,2,4
FL185,0,2,0,0,0,2,10,4,2,0,0,3,12,3
FL186,0,0,0,0,2,0,4,1,0,0,0,0,0,6
FL187,0,2,11,0,0,2,6,0,0,4,0,5,15,4
FL188,0,0,0,0,0,0,2,0,2,1,3,0,0,0
FL189,0,0,0,0,2,0,1,1,2,9,0,0,2,0
FL190,2,1,5,0,2,2,1,1,5,4,0,0,0,27
FL191,0,0,0,0,0,0,0,0,2,0,0,0,2,3
FL192,0,0,0,0,0,3,3,0,4,0,0,2,0,0
FL193,0,0,0,0,0,0,1,0,1,1,0,4,4,4
FL194,0,0,0,0,0,0,0,1,4,0,0,2,0,0
FL195,2,0,0,0,0,0,20,13,12,13,0,0,0,8
FL196,4,0,0,0,0,0,9,6,3,68,0,0,3,27
FL197,0,2,0,2,0,0,0,1,4,3,0,0,0,4
FL198,0,0,0,0,0,0,0,0,1,4,2,0,0,5
FL199,1,0,0,0,0,0,5,5,4,12,4,0,13,60
FL200,6,0,8,3,4,1,18,164,4,18,0,3,32,43
FL201,0,6,0,0,6,0,34,12,9,82,3,0,0,17
FL202,2,5,0,0,0,0,9,14,2,17,2,1,6,83
FL203,2,0,0,0,0,2,2,2,4,7,1,2,0,32
FL204,0,0,0,0,0,0,2,1,9,5,0,3,41,14
FL205,0,0,0,0,0,2,12,1,6,3,0,5,59,21
FL206,0,0,0,0,0,1,19,6,7,7,0,12,25,27
FL207,0,0,4,0,0,4,25,7,5,15,0,3,6,17
FL208,0,0,0,0,0,0,2,2,0,2,0,0,0,2
FL209,0,0,0,0,0,0,5,6,9,4,2,0,10,18
FL210,2,0,4,0,4,2,4,8,3,75,8,0,12,23
FL211,10,7,8,2,0,0,44,9,1,20,1,2,20,32
FL212,0,0,0,3,3,0,13,3,11,68,5,0,0,12
FL213,1,0,2,0,0,0,2,0,3,19,0,3,14,6
FL214,0,2,0,0,0,4,4,1,6,1,2,2,9,3
FL215,0,3,0,0,3,0,10,8,3,6,0,9,73,9
FL216,0,2,0,0,2,1,20,5,6,4,2,2,6,31
FL217,0,0,0,2,0,0,2,2,10,3,2,1,5,11
FL218,0,0,0,0,2,2,5,3,3,9,0,7,12,10
FL219,0,0,0,4,0,2,45,0,3,2,12,0,7,3
FL220,0,0,0,0,0,0,6,6,15,4,0,14,39,16
FL221,0,0,0,0,0,0,13,0,12,0,0,2,14,0
FL222,2,0,0,0,0,3,10,2,1,0,0,2,4,0
FL223,4,0,0,0,18,0,29,9,8,67,2,1,10,55
FL224,2,0,0,0,0,1,10,6,1,11,2,0,3,5
FL225,2,0,0,0,0,4,11,6,3,14,2,0,0,12
FL226,2,3,10,0,0,2,17,15,8,4,0,2,0,20
FL227,0,0,0,0,0,2,17,5,12,0,0,0,140,3
FL228,0,0,0,0,2,5,40,14,3,76,0,36,17,3
FL229,2,0,0,2,3,7,10,3,0,9,4,57,45,0
FL230,2,0,3,2,2,0,63,5,0,0,0,0,11,14
FL231,0,0,0,2,0,0,28,6,3,4,100,4,35,12
FL232,2,4,2,0,0,2,0,1,3,1,0,0,15,9
FL233,0,0,0,0,0,5,26,4,5,4,0,0,9,4
FL234,0,0,0,0,0,2,16,8,11,9,2,0,8,1
FL235,0,2,0,0,0,1,1,1,0,2,0,6,27,0
FL236,0,2,0,0,0,0,6,3,1,5,2,0,4,16
FL237,0,0,0,0,0,0,1,2,0,6,0,3,2,7
FL238,0,0,0,2,0,0,6,5,1,6,18,2,2,10
FL239,0,0,0,0,2,0,17,1,4,20,12,0,3,20
FL240,1,0,0,0,0,5,9,5,5,3,1,0,57,24
FL241,0,0,0,0,0,0,7,4,1,76,12,1,4,8
FL242,2,1,0,0,0,0,6,4,0,4,3,1,22,12
FL243,0,0,0,3,0,0,8,5,10,9,0,109,20,7
FL244,2,0,20,1,0,0,0,6,2,73,0,2,30,5
FL245,4,0,0,0,15,3,10,1,3,2,8,0,11,5
FL246,3,3,0,0,0,0,5,5,5,10,0,3,37,14
FL247,15,0,0,0,0,0,9,9,18,81,2,2,14,7
FL248,6,0,0,6,0,2,6,1,0,92,1,0,18,66
FL249,0,1,0,0,0,2,4,3,4,0,0,3,9,4
FL250,0,2,0,0,0,2,2,6,0,7,0,4,37,39
FL251,0,0,4,0,0,0,3,0,2,2,7,0,18,4
FL252,2,2,0,0,0,0,8,9,3,2,0,0,9,15
FL253,0,0,1,2,0,0,2,5,0,7,2,8,240,36
FL254,0,1,0,0,0,0,3,2,2,1,0,0,29,2
FL255,0,0,0,0,0,0,0,4,5,0,0,2,26,0
FL256,0,0,0,0,2,0,5,1,0,0,0,3,52,2
FL257,2,0,0,0,4,3,5,15,13,3,1,0,2,9
FL258,0,0,0,0,0,4,16,16,7,6,2,5,5,17
FL259,2,2,2,2,0,0,17,14,22,7,0,0,4,34
FL260,0,0,3,0,0,0,3,8,8,3,5,0,26,4
FL261,0,14,0,0,0,0,9,0,1,2,2,3,18,0
FL262,0,0,0,0,0,0,0,5,7,7,3,6,74,19
FL263,0,0,0,0,0,0,0,0,0,0,0,3,293,11
FL264,0,0,0,0,0,0,1,3,3,4,0,0,51,3
FL265,4,0,0,0,7,0,7,7,10,3,2,5,2,27
FL266,0,0,0,0,0,0,0,0,0,0,0,0,0,4
FL267,0,0,0,0,0,0,2,1,0,18,0,4,2,10
FL268,0,0,0,0,0,0,5,5,9,2,0,0,13,21
FL269,0,0,0,0,0,0,3,1,3,4,0,0,20,5
FL270,0,1,0,0,0,0,2,3,0,8,0,0,5,0
FL271,0,2,0,0,0,0,1,1,0,0,1,0,6,0
FL272,0,0,0,0,0,0,6,1,0,5,0,0,2,42
FL273,0,0,0,4,0,0,2,0,1,2,0,0,23,0
FL274,0,0,0,8,0,0,1,1,6,2,0,3,11,4
FL275,0,0,0,2,0,4,6,9,6,3,3,2,3,10
FL276,0,1,0,0,2,0,17,8,9,91,7,3,6,27
FL277,0,0,0,0,2,0,1,0,0,1,1,0,24,0
FL278,0,0,0,0,0,7,10,2,2,80,0,0,13,6
FL279,0,0,0,6,2,0,6,4,0,2,0,0,31,0
FL280,0,0,0,0,0,0,36,0,3,11,0,0,10,10
FL281,0,0,0,0,0,0,0,0,0,0,0,0,7,2
FL282,0,0,0,0,0,0,0,1,1,2,0,0,3,0
FL283,0,0,0,0,0,0,0,1,0,5,0,1,0,0
FL284,0,0,0,0,0,2,19,3,0,8,2,0,4,13
FL285,0,0,0,4,4,2,9,1,5,161,0,0,3,40
FL286,0,0,0,0,0,0,5,3,2,9,5,0,0,21
FL287,0,0,0,0,0,0,3,4,0,0,0,1,8,12
FL288,2,0,0,0,2,5,5,9,5,7,0,2,8,2
FL289,0,0,0,0,4,0,6,5,5,2,4,0,6,0
FL290,0,0,0,0,0,2,3,2,12,1,12,0,17,38
FL291,4,2,2,0,0,36,14,3,8,10,4,0,0,7
FL292,0,0,0,0,10,0,5,2,17,1,1,3,7,0
FL293,0,2,0,0,0,0,3,1,0,3,2,2,2,0
FL294,0,0,0,56,0,5,0,0,0,78,0,2,2,0
FL295,0,0,0,1,0,14,17,3,15,4,0,17,13,16
FL296,0,1,0,0,0,8,6,1,2,8,0,0,0,6
FL297,2,0,0,0,0,8,23,4,2,2,0,0,6,7
FL298,2,2,0,0,0,2,5,6,9,4,0,0,14,3
FL299,0,1,0,0,0,0,3,1,1,0,0,4,7,4
FL300,0,0,0,0,0,0,1,1,7,18,0,0,6,0
FL301,0,0,0,0,0,0,3,8,6,15,5,36,3,0
FL302,0,0,0,2,0,0,29,3,0,2,0,0,6,4
FL303,0,0,0,0,0,0,3,0,0,0,0,1,3,4
FL304,2,2,0,0,2,0,31,6,8,5,3,0,4,16
FL305,4,0,0,0,3,3,2,1,3,1,1,0,8,3
FL306,0,0,0,2,0,0,1,1,5,5,6,0,2,2
FL307,0,0,8,0,0,3,11,4,21,2,1,0,2,3
FL308,3,2,3,0,3,0,8,4,11,14,0,0,10,2
FL309,0,0,8,0,0,0,10,4,23,85,4,4,9,7
FL310,0,0,0,1,0,1,2,0,4,3,0,29,8,3
FL311,0,0,0,0,0,0,1,4,1,2,0,28,0,15
FL312,0,0,0,0,0,3,23,0,6,5,0,0,8,21
FL313,0,0,0,0,0,0,12,2,0,1,0,0,9,0
FL314,0,0,0,0,0,0,6,0,4,1,0,3,10,4
FL315,0,4,0,0,0,2,57,1,6,6,2,0,10,2
FL316,0,0,0,2,0,0,63,3,5,10,2,0,13,0
FL317,0,0,0,0,0,0,13,0,10,5,0,0,2,2
FL318,0,0,0,0,2,0,14,1,7,2,0,0,6,14
FL319,1,0,8,0,0,1,1,8,4,5,0,0,3,7
FL320,0,0,0,0,0,3,0,3,2,5,6,0,5,7
FL321,0,0,0,8,0,0,4,3,6,12,0,0,3,6
FL322,0,0,0,2,0,3,11,7,2,3,0,7,14,21
FL323,0,0,0,0,0,0,3,0,0,2,0,0,7,6
FL324,0,2,0,0,0,0,4,2,2,1,0,0,6,10
FL325,0,0,0,2,0,1,6,1,3,3,0,0,6,0
FL326,2,0,0,0,0,0,68,1,1,17,0,2,18,2
FL327,4,0,0,0,0,0,51,9,3,7,0,0,0,5
FL328,0,0,0,0,0,0,24,3,5,10,1,0,2,10
FL329,0,0,0,0,0,0,0,2,0,2,0,3,5,10
FL330,0,0,0,0,0,0,0,0,0,0,0,3,7,2
FL331,2,0,0,0,8,2,20,7,83,679,3,0,8,11
FL332,6,0,0,0,4,2,8,1,9,14,51,0,2,14
FL333,1,0,0,0,0,2,3,8,0,1,18,0,0,11
FL334,0,0,0,0,0,0,0,0,1,0,0,0,9,0
FL335,0,0,0,0,2,0,8,1,0,2,2,3,7,0
FL336,0,0,0,0,0,0,2,0,2,0,0,12,41,7
FL337,0,0,0,0,0,0,5,0,4,5,2,15,8,2
FL338,0,0,0,0,2,6,0,2,0,4,0,0,0,8
FL339,0,0,0,1,0,0,6,3,5,1,0,2,24,16
FL340,0,0,0,4,0,0,3,0,2,0,0,0,0,0
FL341,0,0,0,2,0,0,5,0,4,6,2,0,0,14
FL342,0,0,0,2,0,0,12,3,4,87,4,0,2,34
FL343,0,0,0,0,12,0,2,1,3,0,0,4,10,0
FL344,0,0,0,0,0,0,17,0,2,5,0,3,2,2
FL345,0,0,0,0,0,0,3,2,0,7,0,12,0,4
FL346,2,0,4,0,0,0,0,1,0,0,2,3,18,3
FL347,0,0,0,6,2,0,3,0,2,4,1,8,2,9
FL348,0,0,0,2,0,0,0,0,2,7,0,0,2,8
FL349,0,0,0,0,0,0,1,4,2,3,6,2,5,72
FL350,0,0,0,0,0,0,0,0,0,0,0,6,21,2
FL351,0,0,0,2,0,0,3,2,0,2,0,0,41,3
FL352,0,2,14,0,0,2,2,5,2,1,0,2,9,5
FL353,0,0,0,1,2,0,22,6,5,225,5,0,2,10
FL354,0,0,0,2,0,0,6,1,8,6,5,0,6,27
FL355,2,0,0,0,4,0,10,3,9,10,4,0,2,9
FL356,0,0,0,0,0,0,7,4,7,9,7,2,2,6
FL357,0,0,0,0,0,0,1,9,7,3,5,0,8,6
FL358,2,4,4,0,2,1,16,35,3,27,1,0,14,68
FL359,1,0,0,3,0,5,16,5,2,6,2,2,25,12
FL360,0,2,0,1,8,6,5,7,9,11,11,1,20,6
FL361,2,0,0,3,0,0,8,3,5,6,3,0,0,6
FL362,2,16,18,2,10,2,13,2,4,96,2,0,18,89
FL363,0,1,2,5,22,2,18,3,6,37,0,0,4,22
FL364,2,1,0,2,0,0,23,3,0,11,0,0,0,20
FL365,4,5,2,0,0,4,39,2,2,9,0,2,7,0
FL366,0,0,0,2,0,0,0,4,0,11,0,0,20,12
FL367,0,0,0,0,1,4,5,2,6,11,1,0,4,4
FL368,0,0,0,0,0,2,1,1,1,3,2,0,7,8
FL369,0,1,8,0,0,1,1,0,5,1,0,3,8,3
FL370,0,0,0,2,0,0,0,1,0,2,0,0,6,5
FL371,0,10,0,0,2,1,18,1,4,3,9,0,19,17
FL372,0,4,0,0,0,2,15,2,2,0,0,0,2,15
FL373,2,2,0,11,4,2,40,1,1,10,0,0,7,16
FL374,2,0,0,0,2,0,41,3,11,5,3,0,0,50
FL375,0,0,0,0,0,1,1,6,2,2,0,0,11,8
FL376,0,0,0,0,0,0,1,0,0,0,0,0,10,0
FL377,0,0,0,0,0,0,2,0,21,1,2,0,10,0
FL378,0,0,0,0,0,0,0,0,0,0,0,0,14,6
FL379,0,0,0,0,0,0,5,3,0,3,0,0,10,0
FL380,0,0,0,0,0,0,0,0,0,0,0,0,0,3
FL381,0,0,2,0,0,0,5,0,4,7,0,0,0,0
FL382,0,0,0,0,0,0,4,6,6,3,0,1,2,3
FL383,0,0,0,0,0,2,1,0,1,0,0,1,3,0
FL384,0,0,0,0,0,0,0,1,1,1,0,0,0,9
FL385,0,0,0,0,2,0,6,1,2,3,2,2,2,13
FL386,4,2,19,0,0,3,15,2,21,126,5,5,0,181
FL387,0,2,5,2,0,0,0,2,0,0,0,3,0,2
FL388,2,0,0,2,14,4,6,8,13,187,3,2,2,20
FL389,0,0,0,0,0,2,1,0,0,4,1,0,0,4
FL390,0,0,0,4,0,0,3,1,0,2,0,0,83,0
FL391,3,0,8,0,2,0,5,4,7,21,0,0,0,9
FL392,0,2,0,0,2,4,1,2,0,9,0,0,9,14
FL393,0,14,0,2,2,2,3,12,0,1,0,0,4,36
FL394,0,0,0,0,4,3,5,6,4,7,0,2,6,42
FL395,4,10,0,8,15,16,14,13,3,102,0,0,4,38
FL396,0,0,0,0,0,0,0,0,3,0,0,0,0,7
FL397,0,0,0,0,0,0,3,1,5,0,0,0,8,0
FL398,0,2,6,1,2,2,5,4,1,2,1,0,26,19
FL399,0,0,0,0,0,0,0,0,0,5,0,0,59,0
FL400,0,0,0,0,0,0,0,0,0,3,0,1,2,10
FL401,0,0,0,0,0,0,0,0,1,0,0,0,2,2
FL402,0,0,0,0,0,0,1,0,0,0,3,3,14,0
FL403,0,0,0,10,0,1,7,5,4,0,0,2,12,12
FL404,0,0,0,0,0,0,1,4,1,5,0,0,4,23
FL405,8,9,0,0,14,3,23,34,4,4,0,0,0,20
FL406,0,0,2,4,28,6,27,23,9,7,6,2,7,33
FL407,0,3,0,0,1,2,29,3,8,13,0,1,2,0
FL408,0,0,3,0,0,4,28,2,8,100,1,0,6,4
FL409,0,0,0,0,0,4,11,2,4,6,1,0,28,0
FL410,2,0,11,0,0,10,31,4,5,19,0,0,37,0
FL411,0,0,0,0,2,1,8,3,1,19,0,0,9,2
FL412,0,0,0,6,0,1,6,0,6,2,2,0,10,3
FL413,0,2,8,0,2,0,22,5,4,0,2,3,0,29
FL414,0,4,0,0,0,16,10,1,5,102,4,0,2,12
FL415,0,0,6,2,0,2,8,11,4,23,22,0,16,25
FL416,4,7,2,0,8,20,13,1,9,6,2,0,10,30
FL417,0,4,0,0,0,0,1,0,1,3,0,3,13,9
FL418,0,2,1,0,0,2,8,0,2,1,0,4,45,22
FL419,0,0,0,0,0,0,2,1,4,6,1,0,39,3
FL420,0,2,0,0,4,4,8,4,4,105,3,2,11,44
FL421,0,1,0,2,4,2,5,0,5,7,3,14,0,51
FL422,0,0,0,0,0,0,0,1,0,9,0,26,29,0
FL423,2,0,3,0,2,4,8,4,1,23,3,5,49,8
FL424,14,2,0,0,0,0,5,3,3,1,4,0,22,8
FL425,12,0,2,0,2,0,3,3,2,3,0,2,8,5
FL426,52,0,0,0,2,2,10,6,8,0,0,0,0,7
FL427,0,0,3,0,0,0,1,0,0,0,0,3,4,2
FL428,2,2,9,4,0,0,4,5,0,3,0,0,9,2
FL429,0,0,0,0,0,14,6,1,2,0,0,0,6,4
FL430,0,1,0,2,0,5,5,10,6,6,0,0,26,8
FL431,0,5,0,2,0,0,7,4,10,0,2,0,4,0
FL432,0,0,4,0,0,3,5,1,1,3,7,0,1,2
FL433,0,0,0,2,0,0,4,0,0,2,26,0,2,9
FL434,2,0,0,4,16,1,6,4,3,0,3,0,5,8
FL435,0,1,14,0,12,0,6,13,5,2,4,0,2,34
FL436,0,0,0,0,0,5,4,4,4,4,0,0,7,4
FL437,0,0,0,0,0,5,10,9,3,5,2,0,5,5
FL438,0,1,0,2,0,2,18,8,2,3,6,0,3,41
FL439,0,0,1,0,0,0,19,8,2,36,0,6,6,10
FL440,1,0,0,0,5,1,6,7,8,4,0,0,14,11
FL441,0,0,0,0,2,1,7,0,3,4,0,0,2,4
FL442,0,2,4,0,0,0,6,8,7,0,2,1,7,8
FL443,0,0,0,0,0,2,9,7,6,11,1,0,3,80
FL444,0,2,0,0,0,0,29,0,7,19,0,2,4,20
FL445,2,3,0,4,0,0,8,6,3,6,0,2,0,10
FL446,0,2,2,0,2,0,1,1,0,6,0,0,4,5
FL447,2,0,25,0,3,20,3,21,0,0,0,4,12,2
FL448,4,9,0,0,28,4,7,5,0,104,0,0,0,0
FL449,6,4,0,0,2,4,24,11,6,0,0,0,0,4
FL450,2,4,8,0,0,4,4,2,0,5,0,2,3,3
FL451,4,0,0,0,2,6,11,5,5,5,0,0,16,9
FL452,0,0,2,0,0,0,15,0,4,7,0,0,7,2
FL453,1,2,20,0,0,2,15,9,8,13,2,0,6,22
FL454,0,6,0,0,0,2,20,3,5,4,3,0,5,67
FL455,8,2,0,0,0,2,8,3,0,12,2,1,21,42
FL456,0,15,0,0,10,0,16,4,3,8,0,0,3,15
FL457,2,11,0,0,0,0,5,4,3,5,0,0,11,8
FL458,0,0,0,1,0,12,4,3,7,0,0,0,6,8
FL459,4,0,0,5,0,2,17,3,0,5,0,0,2,16
FL460,2,0,0,3,0,0,8,5,21,115,0,0,8,19
FL461,0,0,0,0,0,0,3,0,2,0,0,0,8,8
FL462,0,0,0,0,0,0,5,2,4,5,6,0,6,13
FL463,0,3,0,0,0,1,8,11,1,12,0,6,24,7
FL464,2,0,0,0,0,0,22,11,8,3,0,0,2,3
FL465,2,6,0,8,0,2,7,63,3,43,2,0,0,40
FL466,0,2,0,0,2,0,87,5,3,108,0,2,8,11
FL467,0,0,0,0,0,0,0,0,0,0,0,0,6,3
FL468,0,0,0,0,0,0,0,0,2,102,3,0,20,0
FL469,0,0,0,2,2,2,2,0,0,2,0,2,53,2
FL470,0,0,0,0,0,0,4,0,3,0,0,0,0,18
FL471,0,20,0,0,4,0,19,9,2,2,0,0,4,25
FL472,2,4,0,0,0,0,4,3,0,0,0,0,2,29
FL473,1,0,0,0,0,0,0,1,6,109,0,0,12,4
FL474,2,0,0,0,0,1,3,2,1,1,0,0,0,2
FL475,0,0,0,0,0,0,1,0,4,3,3,0,21,2
FL476,0,0,0,0,0,0,5,5,0,0,0,0,5,3
FL477,4,1,0,0,0,0,16,6,1,4,4,0,6,13
FL478,0,2,0,0,2,0,13,0,16,2,0,0,5,3
FL479,3,1,0,0,0,0,3,4,12,6,0,3,0,0
FL480,4,0,1,1,0,3,5,19,4,193,6,0,3,31
FL481,0,0,0,1,2,0,17,7,0,29,0,1,1,51
FL482,4,2,16,0,2,8,15,8,10,4,6,0,11,23
FL483,0,4,2,0,2,4,4,21,8,10,3,0,17,42
FL484,2,0,0,0,0,0,3,2,0,0,0,0,7,2
FL485,0,0,0,0,0,0,0,3,0,0,2,2,13,3
FL486,0,0,0,0,0,0,4,3,2,2,3,1,5,3
FL487,2,7,0,0,0,2,9,2,4,6,0,4,47,32
FL488,2,4,0,0,0,3,10,5,5,4,0,3,0,10
FL489,2,15,0,0,2,9,2,9,4,3,0,0,9,15
FL490,2,12,0,1,0,7,2,1,22,7,0,0,2,9
FL491,0,0,0,0,0,0,0,0,0,0,0,0,3,2
FL492,0,0,0,0,0,0,1,1,2,6,0,0,0,38
FL493,2,0,0,0,0,4,38,13,5,0,0,0,8,21
FL494,2,8,0,0,4,2,10,5,21,5,0,6,27,4
FL495,2,0,0,0,0,5,1,1,1,0,0,0,2,0
FL496,0,6,2,0,0,15,10,5,20,0,1,4,7,15
FL497,0,0,0,0,0,4,6,0,3,2,5,0,50,4
FL498,0,0,1,0,0,0,5,31,2,2,0,0,12,4
FL499,2,0,0,0,0,32,7,5,5,16,0,1,0,7
FL500,0,0,0,0,0,1,7,6,2,6,3,5,17,55
FL501,0,6,1,3,0,0,35,17,8,8,0,0,2,38
FL502,0,5,32,0,0,8,7,4,7,8,5,0,2,12
FL503,0,0,0,0,0,0,4,16,4,7,0,2,26,3
FL504,0,1,0,0,1,1,7,4,0,10,0,3,16,6
FL505,0,0,0,0,0,0,2,3,5,12,7,0,14,19
FL506,0,0,1,4,0,42,6,4,4,10,3,2,16,15
FL507,0,2,0,0,0,6,39,2,2,4,3,0,12,9
FL508,0,0,0,0,0,0,3,0,1,0,0,2,3,25
FL509,0,0,0,0,0,0,0,0,0,0,0,0,2,12
FL510,0,0,4,0,0,2,5,9,7,213,3,0,0,12
FL511,0,0,0,0,0,0,3,0,2,3,0,0,7,0
FL512,0,2,4,0,1,0,2,4,5,4,0,0,1,6
FL513,0,0,0,0,2,10,4,2,1,0,0,0,0,2
FL514,0,0,0,0,0,2,5,5,5,3,0,0,7,13
FL515,0,0,1,0,3,2,8,6,4,23,0,0,14,22
FL516,2,2,0,0,0,0,6,3,2,7,2,1,11,6
FL517,0,0,0,2,0,6,6,2,10,22,1,0,6,6
FL518,2,0,3,0,0,0,8,2,0,4,2,6,6,23
FL519,0,0,0,0,0,0,14,1,5,0,0,6,2,7
FL520,0,2,3,0,0,3,4,0,2,0,0,0,8,0
FL521,0,0,0,3,0,0,1,0,4,4,2,2,14,8
FL522,0,0,0,3,0,2,5,9,1,12,3,0,15,15
FL523,0,1,0,0,2,4,9,4,4,6,2,0,14,3
FL524,1,1,1,3,0,0,4,2,0,6,2,0,2,14
FL525,7,0,0,3,3,3,4,10,20,4,3,3,5,20
FL526,0,0,0,0,0,0,0,0,0,0,0,2,8,0
FL527,0,0,0,0,2,0,4,5,0,3,0,1,4,2
FL528,0,0,10,0,10,4,14,1,10,0,3,4,34,5
FL529,0,0,0,0,0,0,0,0,0,0,0,0,17,0
FL530,0,0,0,0,2,1,1,3,1,113,3,0,4,8
FL531,0,0,1,0,10,0,7,0,3,1,0,0,7,7
FL532,3,0,2,0,0,2,15,12,4,4,4,1,2,9
FL533,0,0,0,0,0,2,4,1,3,9,3,2,11,2
FL534,0,0,0,1,0,0,10,2,2,0,2,0,2,2
FL535,0,0,0,0,0,0,1,1,3,0,0,0,0,59
FL536,2,0,0,0,1,2,2,2,1,3,3,3,4,2
FL537,0,2,0,0,0,2,2,0,10,111,0,0,154,7
FL538,0,0,0,0,1,1,6,1,3,3,5,0,21,3
FL539,0,0,0,0,0,0,0,0,0,0,0,2,20,7
FL540,0,0,0,0,0,0,1,4,0,10,0,0,6,6
FL541,0,0,0,0,3,2,5,4,0,1,0,0,39,1
FL542,0,0,0,0,0,2,0,0,0,8,0,0,7,14
FL543,0,0,0,0,0,0,0,0,0,0,0,6,13,6
FL544,0,0,0,0,0,0,0,0,0,0,0,3,2,2
FL545,0,0,0,0,0,0,1,0,4,2,0,2,0,5
FL546,0,0,0,0,0,0,3,2,4,0,0,6,8,4
FL547,0,0,0,0,0,0,1,2,4,4,0,3,18,6
FL548,0,0,0,0,0,0,0,0,0,0,0,0,0,4
FL549,0,0,0,0,0,0,1,1,5,0,2,4,4,0
FL550,0,0,5,0,0,4,7,4,0,0,2,0,6,15
FL551,0,0,0,0,0,0,0,0,2,2,0,5,0,0
FL552,0,0,0,0,0,0,0,0,0,1,0,4,0,2
FL553,0,0,0,0,0,0,0,0,0,0,0,0,0,2
FL554,0,0,0,0,0,0,9,0,0,0,0,3,4,10
FL555,0,0,2,0,0,2,9,7,1,5,2,2,0,3
FL556,0,1,0,0,0,0,6,1,0,3,3,0,2,8
FL557,0,0,0,0,0,4,8,6,1,5,0,0,0,15
FL558,0,1,0,0,0,2,10,1,0,0,0,0,6,6
FL559,0,0,0,0,2,0,0,0,0,2,0,0,8,3
FL560,3,0,0,0,0,2,3,1,0,0,0,2,15,3
FL561,0,0,0,0,0,24,21,5,2,5,3,3,9,2
FL562,0,0,0,0,0,0,0,0,3,117,0,2,5,30
FL563,0,0,0,0,3,0,3,3,2,5,0,0,0,8
FL564,2,0,0,0,0,2,6,3,6,5,0,2,0,12
FL565,0,0,0,0,0,0,1,3,1,4,0,0,0,5
FL566,0,0,0,0,0,0,0,0,4,1,0,2,59,0
FL567,0,0,0,0,0,0,0,0,0,0,0,32,64,3
FL568,0,0,0,0,0,0,0,0,0,0,0,3,10,2
FL569,0,4,0,0,0,3,18,2,5,8,0,0,2,4
FL570,0,0,0,0,0,0,1,0,9,7,0,0,2,19
FL571,0,0,0,1,0,11,28,2,0,8,9,0,4,22
FL572,6,0,1,3,0,0,4,1,6,4,0,0,3,46
FL573,0,2,0,0,0,0,4,0,3,2,0,0,0,6
FL574,0,2,0,0,0,0,0,8,2,4,0,0,2,7
FL575,0,0,4,0,5,0,3,0,6,7,2,0,41,2
FL576,3,0,0,0,2,0,4,1,7,10,0,5,24,0
FL577,0,4,0,0,0,28,3,3,0,4,1,0,34,4
FL578,2,0,0,0,0,0,6,3,1,0,0,1,8,52
FL579,0,0,8,0,0,1,0,4,3,1,3,0,2,26
FL580,0,24,0,3,1,0,3,4,12,2,0,1,4,2
FL581,0,0,8,0,0,0,4,11,1,70,0,2,18,2
FL582,0,0,4,0,8,0,0,2,3,32,0,4,38,8
FL583,0,0,0,0,0,1,3,2,2,14,0,2,8,6
FL584,0,1,0,0,0,0,0,0,0,14,3,0,7,2
FL585,0,0,0,0,0,10,5,0,0,110,0,0,0,16
FL586,0,0,15,9,3,0,1,3,0,0,0,0,0,21
FL587,6,0,2,2,0,2,10,1,1,0,2,0,21,28
FL588,6,0,0,0,2,0,2,3,7,1,0,0,2,11
FL589,2,2,0,2,0,2,5,3,7,4,0,0,11,12
FL590,0,0,0,0,0,0,0,0,0,0,0,0,2,4
FL591,0,4,11,0,6,0,6,0,4,10,0,0,15,9
FL592,0,0,4,0,18,0,1,1,3,133,0,0,0,18
FL593,0,0,0,0,0,0,0,0,1,9,0,0,0,11
FL594,0,0,8,0,0,0,2,1,0,0,8,0,5,0
FL595,2,0,0,0,0,3,6,2,0,1,0,0,0,10
FL596,0,2,0,0,0,2,17,1,0,4,2,0,0,10
FL597,0,0,2,0,0,0,13,0,5,7,0,0,3,8
FL598,0,4,0,0,0,0,5,2,9,113,1,0,12,0
FL599,0,0,0,0,3,0,7,0,0,1,2,1,0,37
FL600,2,0,0,0,0,0,5,2,0,2,0,0,2,4
FL601,2,0,1,0,0,2,12,2,5,2,4,0,0,3
FL602,0,0,0,0,0,2,1,3,0,6,0,0,3,2
FL603,0,4,0,0,2,0,6,2,4,2,4,8,0,5
FL604,0,0,0,0,0,6,6,1,1,5,0,8,6,4
FL605,0,4,0,2,0,0,9,5,2,3,2,3,23,8
FL606,0,1,0,0,0,8,2,4,4,4,0,0,15,18
FL607,0,1,0,0,0,2,10,3,4,6,0,0,9,12
FL608,0,0,0,0,0,2,2,1,3,0,0,2,2,14
FL609,0,0,0,0,0,2,3,1,6,17,0,12,13,14
FL610,0,0,0,0,0,0,1,1,0,0,0,5,19,6
FL611,0,5,0,0,0,0,2,0,0,9,0,0,5,2
FL612,0,6,0,0,4,0,7,7,5,8,4,0,0,4
FL613,3,0,0,0,3,5,9,6,8,4,0,0,6,6
FL614,0,2,0,2,8,0,4,1,4,3,0,0,3,3
FL615,0,0,0,0,0,0,0,0,0,0,0,4,2,4
FL616,0,0,0,0,0,0,0,0,0,0,0,0,0,8
FL617,0,18,0,0,0,3,4,10,1,5,0,2,5,4
FL618,2,2,12,0,2,2,13,0,3,2,0,7,4,22
FL619,0,0,0,0,0,0,4,0,4,118,0,0,2,4
FL620,2,0,8,1,1,14,14,0,1,18,4,2,0,15
FL621,0,0,4,0,3,1,7,5,4,6,1,0,7,8
FL622,0,0,0,0,0,2,15,5,5,104,1,2,22,9
FL623,0,0,0,0,0,6,6,2,1,6,0,0,22,6
FL624,0,0,0,0,0,17,11,1,4,5,0,0,33,114
FL625,0,1,1,0,0,0,6,5,4,0,1,0,2,15
FL626,0,0,0,0,0,0,1,4,4,1,2,3,9,20
FL627,4,0,0,2,1,2,5,3,3,7,0,0,3,8
FL628,0,0,0,0,0,0,4,2,0,3,0,14,17,20
FL629,0,2,0,3,0,0,1,1,3,4,0,0,2,9
FL630,8,0,0,2,0,0,2,3,5,6,0,0,0,0
FL631,0,0,0,0,2,0,6,4,1,8,1,0,5,8
FL632,0,2,0,0,2,0,2,0,2,7,0,0,4,0
FL633,2,0,0,0,0,6,6,2,0,0,4,2,10,15
FL634,0,0,0,0,0,0,2,0,0,0,0,33,15,9
FL635,0,1,0,2,0,0,0,2,2,6,2,0,2,8
FL636,0,2,0,2,0,2,7,8,6,2,0,0,2,9
FL637,0,0,0,0,2,0,2,1,0,7,0,0,1,5
FL638,0,0,11,0,0,0,16,11,6,4,3,0,0,17
FL639,6,0,5,0,0,0,18,4,5,9,0,0,20,10
FL640,8,0,23,0,2,0,3,1,3,7,0,0,9,9
FL641,8,0,0,0,0,3,3,7,5,0,2,0,10,8
FL642,0,0,2,0,0,0,2,1,1,4,0,0,20,11
FL643,0,2,9,0,0,0,13,25,4,6,0,2,16,26
FL644,2,0,6,2,2,0,14,5,6,3,0,0,8,7
FL645,2,0,0,0,2,0,2,1,1,0,1,6,2,2
FL646,6,5,12,2,0,2,3,0,7,0,0,3,8,5
FL647,0,0,0,0,2,0,5,1,2,3,0,0,27,19
FL648,0,0,0,0,2,0,1,1,0,5,0,0,5,13
FL649,2,0,1,0,0,1,4,2,4,134,2,2,0,44
FL650,2,0,0,2,0,0,5,4,2,4,2,0,2,6
FL651,0,0,0,0,0,0,0,0,0,0,0,2,2,5
FL652,0,0,0,0,0,0,11,9,4,1,0,0,23,6
FL653,4,0,0,0,2,0,77,13,5,0,0,11,112,9
FL654,10,0,0,3,0,14,7,9,22,9,2,0,7,4
FL655,15,0,0,4,0,0,5,3,1,6,2,0,3,57
FL656,1,0,0,0,0,0,2,2,1,2,2,0,4,4
FL657,0,0,0,0,0,0,4,0,3,6,0,4,31,35
FL658,0,0,4,2,0,1,0,0,0,116,3,0,6,63
FL659,0,0,0,0,0,0,2,2,3,2,0,0,23,12
FL660,0,0,0,2,0,0,13,3,5,0,2,0,7,22
FL661,0,0,0,0,0,0,0,1,1,9,2,0,2,11
FL662,0,0,0,0,0,0,5,2,0,0,0,0,5,0
FL663,0,0,0,0,0,0,2,3,4,8,0,2,21,6
FL664,0,0,0,0,0,0,1,4,2,3,0,0,34,12
FL665,0,0,0,3,0,0,3,2,1,7,0,1,2,17
FL666,0,0,0,0,0,11,5,5,3,4,1,0,0,13
FL667,0,6,7,3,0,6,14,3,0,14,2,2,5,4
FL668,0,0,0,0,0,0,13,1,23,4,0,0,2,20
FL669,0,0,0,0,0,0,1,1,5,5,0,4,16,19
FL670,14,0,21,0,0,0,2,9,17,7,2,0,4,15
FL671,16,2,9,28,2,0,9,7,4,3,0,0,2,6
FL672,2,2,0,0,0,3,15,37,8,32,4,0,0,46
FL673,4,2,0,0,1,0,10,10,10,1,3,5,4,2
FL674,4,0,2,0,0,1,7,2,10,0,23,0,12,3
FL675,3,0,5,0,0,4,2,1,1,6,0,1,8,7
FL676,2,0,6,3,0,2,17,5,8,4,0,2,33,36
FL677,0,2,0,2,0,0,3,2,0,4,2,6,10,79
FL678,0,0,16,0,2,0,2,12,2,4,1,4,5,5
FL679,0,0,1,0,0,0,11,2,11,0,2,0,2,6
FL680,2,0,16,0,0,0,2,0,4,0,0,0,6,7
FL681,4,0,2,0,2,0,8,0,2,4,1,2,2,22
FL682,2,0,2,0,0,0,0,3,2,0,4,0,8,4
FL683,2,4,16,2,0,3,6,2,5,7,0,5,5,33
FL684,12,0,0,0,0,0,3,1,5,10,2,0,2,15
FL685,2,0,0,1,0,0,6,0,1,2,0,0,14,25
FL686,0,2,0,0,0,4,1,4,1,4,3,11,3,24
FL687,0,0,0,0,0,0,0,0,0,0,2,3,0,6
FL688,0,0,0,0,0,3,35,10,1,4,0,6,14,0
FL689,0,1,6,0,0,1,3,0,1,0,0,2,13,12
FL690,0,0,0,0,0,0,11,0,0,2,0,0,2,10
FL691,0,0,0,0,0,0,12,7,0,3,0,0,0,4
FL692,0,2,0,0,0,5,1,0,0,0,0,2,7,15
FL693,2,0,2,0,0,26,5,4,3,9,3,0,6,10
FL694,0,0,6,0,0,0,4,1,3,1,0,0,0,3
FL695,0,0,0,0,0,5,9,7,0,5,0,2,13,10
FL696,2,0,0,0,0,2,10,3,1,0,3,3,5,6
FL697,0,0,8,0,0,0,7,0,1,3,2,96,14,0
FL698,2,0,0,0,0,0,2,0,0,0,2,2,3,6
FL699,2,0,0,0,0,2,1,8,2,119,0,0,16,3
FL700,2,0,0,0,0,0,21,2,1,14,7,0,11,16
FL701,0,0,0,0,0,0,12,2,2,3,3,0,20,2
FL702,2,0,0,0,0,8,4,2,5,0,4,4,48,10
FL703,0,1,0,0,0,0,2,2,5,0,3,2,5,10
FL704,33,4,4,0,0,14,11,3,8,8,5,0,26,11
FL705,0,0,0,0,2,2,10,2,2,3,1,4,7,24
FL706,0,0,0,0,0,0,9,5,1,0,0,4,4,16
FL707,0,2,0,0,0,0,2,1,0,0,4,0,0,43
FL708,4,10,10,0,0,3,3,4,5,3,4,4,6,11
FL709,0,1,6,0,0,0,6,6,8,3,3,6,24,4
FL710,0,0,0,0,0,0,0,1,0,5,1,0,0,14
FL711,0,0,0,0,0,0,7,2,1,0,0,0,0,6
FL712,0,0,0,0,0,1,48,0,0,6,0,2,15,14
FL713,0,0,0,0,0,0,3,2,0,0,0,2,90,3
FL714,0,0,0,0,0,0,2,3,10,2,3,0,0,2
FL715,0,0,0,2,0,2,4,4,9,0,3,0,40,7
FL716,6,0,1,0,2,2,1,6,5,5,4,0,4,10
FL717,0,2,0,0,0,0,5,5,3,3,0,6,11,30
FL718,0,2,0,4,0,0,0,6,6,3,2,0,0,8
FL719,0,0,3,0,0,3,5,7,2,118,1,4,8,23
FL720,0,0,0,0,3,0,9,1,1,5,0,0,9,80
FL721,0,0,0,0,3,0,0,6,6,123,3,4,10,9
FL722,2,0,0,0,0,0,7,2,5,0,2,0,13,9
FL723,0,0,0,0,0,0,3,2,11,4,0,3,0,26
FL724,6,0,0,0,0,0,0,1,0,5,0,0,3,0
FL725,1,0,12,0,0,3,6,0,0,2,2,4,13,0
FL726,2,0,0,0,2,2,6,6,1,1,0,9,103,56
FL727,0,0,0,0,0,0,2,5,0,0,0,0,17,144
FL728,2,2,0,0,0,0,4,4,3,116,3,0,48,8
FL729,0,0,0,0,0,0,0,0,0,0,0,0,2,0
FL730,0,0,0,0,0,0,0,0,1,1,2,1,9,3
FL731,0,1,0,2,8,0,4,2,1,0,1,0,0,44
FL732,0,0,10,0,0,0,4,3,0,0,0,3,5,5
FL733,0,2,0,0,0,0,4,0,1,3,2,0,2,7
FL734,0,0,0,0,0,0,3,3,2,5,0,0,0,0
FL735,0,0,0,0,0,0,2,0,5,1,0,0,4,2
FL736,2,0,0,0,0,0,3,4,0,3,4,0,21,14
FL737,2,0,0,0,0,0,2,3,0,5,0,0,0,7
FL738,0,0,1,1,0,14,7,6,11,10,2,0,4,15
FL739,2,0,0,1,0,0,1,2,0,1,0,4,0,0
FL740,0,0,0,0,0,0,1,10,0,0,0,0,32,3
FL741,0,0,8,2,1,1,3,9,6,6,1,2,21,0
FL742,0,1,11,0,0,0,0,18,0,0,0,10,26,2
FL743,0,0,0,0,0,0,2,0,2,3,0,2,0,40
FL744,0,0,0,0,0,0,7,2,2,3,0,3,2,2
FL745,0,0,0,0,0,0,1,1,0,0,0,3,5,5
FL746,0,0,0,0,0,0,0,0,0,0,0,2,14,2
FL747,0,0,0,0,0,0,0,0,0,0,0,1,19,0
FL748,0,0,0,0,2,0,11,6,1,17,0,0,2,26
FL749,0,0,2,0,5,0,10,71,2,6,8,0,8,3
FL750,0,0,1,0,0,4,1,2,3,0,0,1,6,6
FL751,0,0,0,0,0,0,0,0,0,0,0,0,0,10
FL752,0,0,0,0,0,0,4,0,0,2,0,2,6,0
FL753,0,0,0,0,0,0,0,0,0,0,0,2,60,12
FL754,0,0,0,0,0,0,1,1,0,2,0,0,14,5
FL755,0,0,0,0,0,0,3,0,1,5,7,0,2,21
FL756,0,0,0,0,0,0,5,0,0,0,0,0,0,7
FL757,0,0,0,0,0,0,0,0,0,1,0,1,0,5
FL758,0,0,0,0,0,0,1,4,0,2,0,0,5,2
FL759,0,0,0,0,0,0,3,4,4,0,2,9,12,4
FL760,0,0,0,0,0,3,3,11,0,5,0,0,0,24
FL761,0,0,8,0,0,2,6,6,1,2,0,0,1,18
FL762,0,1,0,0,0,4,9,3,1,1,3,0,0,4
FL763,0,0,0,3,5,0,6,6,0,6,0,0,10,11
FL764,0,2,0,2,0,0,8,5,6,0,6,0,0,2
FL765,2,4,0,0,3,0,3,1,0,0,0,9,38,0
FL766,2,0,0,0,0,0,3,69,2,4,0,3,4,2
FL767,0,0,0,0,0,0,0,6,0,2,5,4,6,11
FL768,2,0,8,0,0,0,6,8,1,6,0,0,6,4
FL769,0,0,0,3,0,0,5,2,4,0,0,0,13,24
FL770,0,0,0,0,0,0,0,0,2,7,0,0,13,5
FL771,0,0,0,0,0,0,0,2,0,6,0,0,5,0
FL772,0,0,0,0,0,0,1,4,0,0,0,0,20,0
FL773,0,0,0,0,2,0,3,3,0,1,0,1,6,3
FL774,0,0,0,0,0,0,0,0,0,0,0,2,0,0
FL775,0,0,0,2,0,0,0,0,0,0,0,0,0,0
FL776,2,0,0,2,0,0,0,10,8,2,0,2,0,0
FL777,0,0,0,3,3,3,6,14,5,4,0,0,4,4
FL778,0,0,0,0,0,0,0,0,0,0,4,0,3,0
FL779,0,0,0,0,0,0,0,1,0,0,0,0,19,9
FL780,0,0,0,0,0,0,0,0,0,0,0,0,19,0
FL781,0,0,0,0,0,0,0,0,0,0,4,2,42,0
FL782,0,0,0,0,0,0,0,4,0,0,3,0,3,3
FL783,0,0,2,0,2,2,9,6,1,98,3,0,4,19
FL784,0,0,0,0,0,0,7,2,2,0,0,0,0,2
FL785,0,0,0,0,0,0,0,0,0,0,0,2,5,2
FL786,0,0,0,0,0,0,1,0,0,2,0,0,2,2
FL787,0,0,0,0,0,0,0,0,0,2,0,1,3,3
FL788,0,0,0,0,0,0,0,0,0,0,0,0,2,4
FL789,0,0,0,0,0,0,0,0,0,0,0,3,0,6
FL790,0,0,0,0,0,0,0,0,0,0,0,0,12,3
FL791,0,0,0,0,0,0,0,0,0,0,0,0,2,0
FL792,0,0,0,0,0,0,0,0,0,0,0,1,2,13
FL793,0,0,0,0,0,0,0,0,0,0,0,0,3,13
FL794,0,0,0,0,0,0,0,0,0,0,0,0,5,0
FL795,0,0,0,0,0,0,0,0,0,0,0,0,0,4
FL796,0,0,0,0,0,0,0,0,0,0,0,0,6,0
FL797,0,0,0,0,0,0,0,0,0,0,0,2,2,6
FL798,0,2,0,0,0,0,1,5,2,3,2,0,0,4
FL799,0,0,3,0,0,0,4,68,3,3,0,0,0,6
FL800,2,0,0,0,0,2,48,3,1,17,2,0,0,8
FL801,0,0,0,0,0,0,0,0,0,0,0,0,2,0
FL802,0,0,0,0,0,0,0,0,0,0,0,2,61,3
FL803,2,0,2,0,0,0,2,5,8,0,2,0,16,8
FL804,0,0,22,0,0,0,6,17,3,2,0,0,8,3
FL805,0,0,0,0,0,0,0,0,1,2,0,0,4,3
FL806,0,2,0,2,0,0,8,4,5,2,2,0,0,6
FL807,0,1,0,0,0,0,6,2,3,126,2,0,46,7
FL808,0,0,0,0,0,0,11,2,2,3,0,0,63,0
FL809,3,0,0,0,0,0,19,4,0,0,2,0,5,2
FL810,0,0,0,0,0,0,18,0,4,3,3,0,27,5
FL811,0,0,0,0,0,0,4,4,7,129,3,0,10,6
FL812,2,0,0,0,0,0,7,5,4,2,2,0,2,16
FL813,2,0,0,4,0,6,13,6,6,129,2,0,11,6
FL814,0,0,0,0,0,0,57,0,0,0,0,0,6,11
FL815,0,0,0,0,0,0,22,3,4,1,3,2,0,14
FL816,0,0,0,0,0,0,0,0,0,0,0,0,24,5
FL817,0,0,0,0,0,0,0,0,0,0,0,0,13,4
FL818,0,0,0,0,0,0,34,3,0,3,0,0,3,3
FL819,0,3,0,0,0,0,9,2,4,2,3,0,13,2
FL820,0,0,0,0,0,1,20,1,3,0,0,0,2,4
FL821,0,0,2,0,2,2,7,1,9,4,3,3,0,0
FL822,0,0,0,0,0,0,0,0,0,2,1,0,2,0
FL823,0,0,0,0,0,0,12,2,0,127,1,0,11,8
FL824,0,0,0,0,0,2,1,0,0,0,0,8,20,9
FL825,0,2,0,0,0,2,6,4,0,1,0,3,12,12
FL826,5,4,0,2,2,0,12,2,6,3,4,0,0,13
FL827,0,0,0,0,0,0,0,2,0,0,0,4,0,2
FL828,0,0,0,0,0,2,1,5,3,1,0,0,0,10
FL829,2,4,0,0,0,0,7,5,5,0,3,0,8,22
FL830,0,4,0,0,0,0,5,3,8,0,0,0,31,2
FL831,4,0,0,0,0,0,0,1,3,126,2,4,2,13
FL832,0,0,0,0,0,0,0,0,0,0,0,0,5,53
FL833,4,2,0,0,0,2,5,3,0,6,0,2,24,4
FL834,0,0,0,0,0,0,0,0,0,0,2,2,0,0
FL835,2,0,1,0,0,2,0,7,15,10,11,2,4,97
FL836,0,2,3,0,0,0,0,0,2,2,0,0,0,15
FL837,0,0,0,0,0,0,0,0,0,0,0,2,0,3
CO431,12,10,18,2,3,10,71,73,24,185,0,2,9,83
CO432,39,26,58,17,24,14,141,87,43,449,8,0,19,305
FL838,0,0,0,0,0,0,0,0,0,0,0,0,5,45
FL839,0,0,0,0,0,0,0,0,0,0,0,0,6,0
FL840,0,0,0,0,0,0,0,0,0,0,0,0,0,0
FL841,0,0,0,0,0,0,0,0,0,0,0,0,0,0
FL842,0,0,0,0,0,0,0,0,0,0,0,0,0,0
FL843,0,0,0,0,0,0,0,0,2,0,0,0,0,6
FL844,0,0,0,0,0,0,0,0,1,0,0,0,0,2
CO344b,0,0,0,0,0,2,0,1,0,0,0,0,0,6
CO8b,0,0,0,0,0,0,29,0,11,16,0,0,0,0
FL585b,0,0,1,0,0,0,1,2,1,129,2,0,2,10
FL833b,2,0,5,0,0,0,4,2,0,0,1,0,0,8
FL799b,3,0,0,2,2,2,6,85,6,0,0,3,8,11
FL79b,0,0,0,0,0,0,2,2,0,0,0,0,0,3
FL845,0,0,0,0,0,0,0,0,0,0,1,0,0,48
FL846,0,0,0,0,0,0,0,0,0,0,1,0,0,0
FL847,0,0,0,0,0,0,0,0,0,0,0,1,12,0
FL848,0,0,0,0,0,0,4,0,0,2,0,0,0,9
